column,dtype,missing,iqr_outliers,z_outliers,iqr_low,iqr_high,mean,std
age,float64,50,5.0,2.0,10.0,58.0,34.45333333333333,9.742862914861204
income,float64,50,14.0,7.0,17781.1517684802,100559.87841298323,61543.82418115968,27250.893423833055
transactions,float64,50,5.0,4.0,3.0,27.0,15.591111111111111,8.372277593269674
score,float64,68,2.0,0.0,0.19278792007066797,1.047113413045025,0.6183224039144294,0.1622731844230115
category,object,0,,,,,,
